Avant Garde: Electro-Acoustic;18760
Avant Garde: Electronic Avant-Garde;16421
Avant Garde: Experimental;47705
Avant Garde: Free Improvisation;18043
Avant Garde: Modern Composition;20493
Avant Garde: Psychedelia;17357
Avant Garde: Sound Art;15030
Blues: Acoustic Blues;30564
Blues: Blues-Rock;85243
Blues: Blues Vocals;14552
Blues: Electric Blues;17686
Blues: Folk-Blues;13779
Blues: Funky Blues;13816
Blues: Guitar Blues;16551
Blues: Jazzy Blues;16902
Blues: Rockin' Blues;16614
Brazilian: MPB;27965
Christian;45913
Classical: Bach;14646
Classical: Baroque;18190
Classical: Chamber Music;30955
Classical: Contemporary;79506
Classical: Film Music;55273
Classical: Orchestral;20637
Classical: Piano solo;56165
Classical: Romantic Era;14039
Classical: Traditional;14333
Country: Alt-Country;65382
Country: Americana;140306
Country: Bluegrass;37491
Country: Contemporary Country;26642
Country: Country Blues;15919
Country: Country Folk;43639
Country: Country Gospel;19573
Country: Country Pop;39772
Country: Country Rock;62595
Country: Honky Tonk;14085
Country: Modern Country;26792
Country: Outlaw Country;19183
Country: Traditional Country;34544
Easy Listening: Adult contemporary;82033
Easy Listening: American Popular Song;14959
Easy Listening: Background Music;82063
Easy Listening: Ballads;39434
Easy Listening: Easy Pop;26182
Easy Listening: Instrumental Pop;40956
Easy Listening: Lounge;21815
Easy Listening: Love Songs;48276
Easy Listening: Mood Music;79551
Easy Listening: Nostalgia;14278
Easy Listening: Orchestral;22451
Easy Listening: Soft Rock;28279
Electronic: Alternative Dance;22182
Electronic: Ambient;118168
Electronic: Chill out;60112
Electronic: Dance;96501
Electronic: Deep House;15821
Electronic: Down Tempo;27996
Electronic: Dubstep;16882
Electronic: Electro;32961
Electronic: Electro House;16529
Electronic: Electronica;72553
Electronic: Experimental;83296
Electronic: House;30288
Electronic: IDM;15788
Electronic: Industrial;33103
Electronic: Pop Crossover;25354
Electronic: Soundscapes;30524
Electronic: Synthpop;54474
Electronic: Techno;26489
Electronic: Trance;16278
Electronic: Trip Hop;22186
Electronic: Virtual Orchestra;19107
Featuring Guitar;17739
Folk: Alternative Folk;131960
Folk: Appalachian Folk;15223
Folk: Celtic Folk;30102
Folk: Fingerstyle;24224
Folk: Folk-Jazz;16394
Folk: Folk-Rock;123329
Folk: Folk Blues;29865
Folk: Folk Pop;93063
Folk: Gentle;16435
Folk: Modern Folk;69547
Folk: Progressive Folk;17051
Folk: Singer/Songwriter;162790
Folk: Traditional Folk;52216
Hip-Hop/Rap: Alternative Hip Hop;159293
Hip-Hop/Rap: Beat Tape;28431
Hip-Hop/Rap: Dirty South;59990
Hip-Hop/Rap: East Coast;47432
Hip-Hop/Rap: G-Funk;14283
Hip-Hop/Rap: Gangsta Rap;76801
Hip-Hop/Rap: Hardcore Rap;69446
Hip-Hop/Rap: Hip Hop;314345
Hip-Hop/Rap: Instrumental Hip-Hop;88028
Hip-Hop/Rap: Jazz-Rap;15719
Hip-Hop/Rap: Latin Rap;34362
Hip-Hop/Rap: Old-School Rap;18392
Hip-Hop/Rap: Party Rap;36507
Hip-Hop/Rap: Political Rap;16091
Hip-Hop/Rap: Pop-Rap;57804
Hip-Hop/Rap: Rap;163590
Hip-Hop/Rap: Reggaeton;24011
Hip-Hop/Rap: Southern Style;35972
Hip-Hop/Rap: Spiritual Rap;44975
Hip-Hop/Rap: Street Rap;45871
Hip-Hop/Rap: Underground Rap;98491
Hip-Hop/Rap: West Coast Rap;54424
Holiday: Easy Listening;16815
Holiday: Pop;13660
Holiday: Spiritual;14767
Instrumental;28898
Jazz: Contemporary Jazz;70221
Jazz: Cool Jazz;19894
Jazz: Crossover Jazz;19346
Jazz: Jazz-Funk;27425
Jazz: Jazz-Pop;23306
Jazz: Jazz-Rock;21976
Jazz: Jazz Fusion;50203
Jazz: Jazz Vocals;43155
Jazz: Latin Jazz;18758
Jazz: Mainstream Jazz;15489
Jazz: Modern Creative Jazz;26897
Jazz: Piano Jazz;25425
Jazz: Smooth Jazz;62899
Jazz: Soul-Jazz;19001
Jazz: World Fusion;24854
Kids/Family: Children's Pop;32234
Kids/Family: Educational;47020
Kids/Family: General Children's Music;63510
Kids/Family: Kid Friendly;35262
Kids/Family: Lullabies;20537
Kids/Family: Sing-Along/Interactive;36177
Latin: Banda;15461
Latin: Corrido;17764
Latin: Cumbia;27434
Latin: General;24015
Latin: Latin Folk;26623
Latin: Latin Jazz;14136
Latin: Latin Pop;60906
Latin: Latin Rap;24455
Latin: Norteño;24217
Latin: Ranchera;14441
Latin: Salsa;18270
Metal/Punk: Alternative Metal;45548
Metal/Punk: American Punk;23568
Metal/Punk: Black Metal;21266
Metal/Punk: Death Metal;47420
Metal/Punk: Doom/Stoner Metal;17015
Metal/Punk: Garage Punk;18701
Metal/Punk: Hardcore Punk;31062
Metal/Punk: Heavy Metal;63522
Metal/Punk: Instrumental Metal;14295
Metal/Punk: Metalcore;25604
Metal/Punk: Post-Hardcore;16215
Metal/Punk: Post-Punk;23622
Metal/Punk: Power Metal;15148
Metal/Punk: Progressive Metal;42729
Metal/Punk: Thrash/Speed Metal;30392
Mood: Dreamy;18802
Mood: Fun;26930
Mood: Party Music;41227
Mood: Upbeat;21930
New Age: Ambient;56098
New Age: Contemporary Instrumental;48771
New Age: Healing;24023
New Age: Meditation;43923
New Age: Neo-Classical;25071
New Age: New Age;30059
New Age: Relaxation;45410
New Age: Solo Instrumental;35215
New Age: Spiritual;15662
Pop: 60's Pop;15668
Pop: 70's Pop;18978
Pop: 80's Pop;30772
Pop: 90's Pop;26771
Pop: Ambient Pop;29853
Pop: Beatles-pop;36397
Pop: British Pop;26144
Pop: California Pop;20895
Pop: Dream Pop;44775
Pop: Folky Pop;95116
Pop: Garage Pop;15351
Pop: New Romantic;20904
Pop: New Wave;29455
Pop: Party Pop;32282
Pop: Piano;42838
Pop: Pop;146436
Pop: Pop/Rock;357924
Pop: Pop Underground;48274
Pop: Power Pop;51151
Pop: Psychedelic Pop;24713
Pop: Quirky;34667
Pop: Synth Pop;35428
Pop: Today's Top 40;53803
Pop: with Electronic Production;51690
Pop: with Live-band Production;22038
R&B/Soul: Contemporary R&B/Soul;37148
R&B/Soul: Funk;34028
R&B/Soul: Neo-Soul;37743
R&B/Soul: R&B Pop Crossover;65641
R&B/Soul: R&B Rap mix;120811
R&B/Soul: Rhythm & Blues;25295
R&B/Soul: Smooth Soul;20159
R&B/Soul: Soul;47526
R&B/Soul: Traditional R&B;19809
R&B/Soul: Urban;68349
Reggae: Dancehall;35590
Reggae: Dub;14814
Reggae: Pop-Reggae;30693
Reggae: Reggae rock;26095
Reggae: Roots Reggae;38521
Reggae: Ska;14007
Reggae: Smooth Reggae;18742
Rock: 60's Rock;21880
Rock: 70's Rock;50637
Rock: 80's Rock;40514
Rock: 90's Rock;59671
Rock: Acoustic;128193
Rock: Adult Alternative Pop/Rock;307545
Rock: Adult Contemporary;61365
Rock: Album Rock;78995
Rock: Americana;129057
Rock: American Underground;34692
Rock: Arena Rock;15044
Rock: Classic Rock;79034
Rock: College Rock;31671
Rock: Comedy Rock;18630
Rock: Country-Rock;29331
Rock: Emo;26686
Rock: Experimental Rock;66924
Rock: Folk Rock;93856
Rock: Funk Rock;41328
Rock: Garage Rock;65875
Rock: Goth;20442
Rock: Grunge;40374
Rock: Hard Rock;164454
Rock: Industrial Rock;14349
Rock: Instrumental Rock;83214
Rock: Jam-band;22640
Rock: Latin Rock;18112
Rock: Lo-Fi;35622
Rock: Modern Rock;126453
Rock: Post-Rock/Experimental;50117
Rock: Progressive Rock;123411
Rock: Psychedelic;78677
Rock: Punk;100099
Rock: Punk-Pop;62214
Rock: Retro-Rock;13912
Rock: Rock & Roll;87392
Rock: Rockabilly;16947
Rock: Rock en Español;38861
Rock: Roots Rock;36133
Rock: Shoegaze;22165
Rock: Soft Rock;37877
Rock: Southern Rock;23220
Rock: Space Rock;18080
Rock: Surf Rock;19459
Solo Female Artist;14138
Solo Male Artist;46384
Spiritual;13573
Spiritual: Christian Rap;31935
Spiritual: Christian Rock;39666
Spiritual: Contemporary Christian;204196
Spiritual: Contemporary Gospel;106686
Spiritual: Country Gospel;20991
Spiritual: Hymns;34324
Spiritual: Inspirational;130038
Spiritual: Instrumental Gospel;15862
Spiritual: Mantras;16732
Spiritual: Praise & Worship;128561
Spiritual: Southern Gospel;16498
Spiritual: Spirituals;23693
Spiritual: Traditional Gospel;29645
Spoken Word: Audiobook;16154
Spoken Word: Comedy;18076
Spoken Word: Inspirational;14968
Spoken Word: Poetry;23239
Spoken Word: With Music;24769
Type: Lyrical;13517
Type: Vocal;20960
Urban/R&B: Contemporary urban;16528
Urban/R&B: Funk;20627
Urban/R&B: Neo-Soul;22206
Urban/R&B: R&B Pop Crossover;41910
Urban/R&B: R&B Rap mix;82238
Urban/R&B: Rhythm & Blues;16395
Urban/R&B: Soul;34245
Urban/R&B: Urban;49847
World: African;21097
World: Afro-Beat;20520
World: Caribbean;23550
World: Celtic;33717
World: Folklore;19137
World: Native American;17425
World: South American;24393
World: World Beat;20432
World: World Fusion;66189
World: World Traditions;29335